suite,task_id,task,vanilla,arfm_raw,arfm_z,rwr_01,rwr_05,vanilla_delta
libero_spatial,0,pick_up_the_black_bowl_between_the_plate_and_the_ramekin_and_place_it_on_the_plate,33,29,39,25,29,39
libero_spatial,1,pick_up_the_black_bowl_next_to_the_ramekin_and_place_it_on_the_plate,37,38,37,33,32,26
libero_spatial,2,pick_up_the_black_bowl_from_table_center_and_place_it_on_the_plate,48,48,48,47,45,48
libero_spatial,3,pick_up_the_black_bowl_on_the_cookie_box_and_place_it_on_the_plate,44,45,44,48,47,46
libero_spatial,4,pick_up_the_black_bowl_in_the_top_drawer_of_the_wooden_cabinet_and_place_it_on_the_plate,39,31,30,34,34,38
libero_spatial,5,pick_up_the_black_bowl_on_the_ramekin_and_place_it_on_the_plate,36,27,23,28,33,30
libero_spatial,6,pick_up_the_black_bowl_next_to_the_cookie_box_and_place_it_on_the_plate,49,46,47,48,49,48
libero_spatial,7,pick_up_the_black_bowl_on_the_stove_and_place_it_on_the_plate,44,46,45,42,42,44
libero_spatial,8,pick_up_the_black_bowl_next_to_the_plate_and_place_it_on_the_plate,33,36,32,38,37,36
libero_spatial,9,pick_up_the_black_bowl_on_the_wooden_cabinet_and_place_it_on_the_plate,41,38,37,45,34,27
libero_goal,0,open_the_middle_drawer_of_the_cabinet,48,42,47,49,47,44
libero_goal,1,put_the_bowl_on_the_stove,43,47,48,47,43,46
libero_goal,2,put_the_wine_bottle_on_top_of_the_cabinet,46,47,45,46,47,46
libero_goal,3,open_the_top_drawer_and_put_the_bowl_inside,23,20,18,14,16,17
libero_goal,4,put_the_bowl_on_top_of_the_cabinet,47,50,50,49,50,49
libero_goal,5,push_the_plate_to_the_front_of_the_stove,35,39,41,38,39,38
libero_goal,6,put_the_cream_cheese_in_the_bowl,40,39,43,38,41,45
libero_goal,7,turn_on_the_stove,48,49,49,48,49,50
libero_goal,8,put_the_bowl_on_the_plate,43,44,47,45,48,43
libero_goal,9,put_the_wine_bottle_on_the_rack,32,44,36,37,27,38
libero_object,0,pick_up_the_alphabet_soup_and_place_it_in_the_basket,50,48,50,50,49,48
libero_object,1,pick_up_the_cream_cheese_and_place_it_in_the_basket,45,46,46,48,47,46
libero_object,2,pick_up_the_salad_dressing_and_place_it_in_the_basket,49,50,49,49,47,49
libero_object,3,pick_up_the_bbq_sauce_and_place_it_in_the_basket,49,49,43,44,48,49
libero_object,4,pick_up_the_ketchup_and_place_it_in_the_basket,44,44,44,42,46,49
libero_object,5,pick_up_the_tomato_sauce_and_place_it_in_the_basket,38,38,44,43,44,49
libero_object,6,pick_up_the_butter_and_place_it_in_the_basket,42,44,50,48,43,50
libero_object,7,pick_up_the_milk_and_place_it_in_the_basket,45,42,47,45,40,49
libero_object,8,pick_up_the_chocolate_pudding_and_place_it_in_the_basket,48,50,46,50,50,50
libero_object,9,pick_up_the_orange_juice_and_place_it_in_the_basket,47,48,46,47,46,47
libero_10,0,LIVING_ROOM_SCENE2_put_both_the_alphabet_soup_and_the_tomato_sauce_in_the_basket,34,37,30,37,28,40
libero_10,1,LIVING_ROOM_SCENE2_put_both_the_cream_cheese_box_and_the_butter_in_the_basket,45,45,36,39,44,39
libero_10,2,KITCHEN_SCENE3_turn_on_the_stove_and_put_the_moka_pot_on_it,36,41,42,42,41,31
libero_10,3,KITCHEN_SCENE4_put_the_black_bowl_in_the_bottom_drawer_of_the_cabinet_and_close_it,48,47,47,48,47,47
libero_10,4,LIVING_ROOM_SCENE5_put_the_white_mug_on_the_left_plate_and_put_the_yellow_and_white_mug_on_the_right_plate,41,34,32,38,36,39
libero_10,5,STUDY_SCENE1_pick_up_the_book_and_place_it_in_the_back_compartment_of_the_caddy,35,43,41,43,24,29
libero_10,6,LIVING_ROOM_SCENE6_put_the_white_mug_on_the_plate_and_put_the_chocolate_pudding_to_the_right_of_the_plate,23,18,23,22,19,19
libero_10,7,LIVING_ROOM_SCENE1_put_both_the_alphabet_soup_and_the_cream_cheese_box_in_the_basket,39,43,40,39,40,40
libero_10,8,KITCHEN_SCENE8_put_both_moka_pots_on_the_stove,14,15,8,19,9,7
libero_10,9,KITCHEN_SCENE6_put_the_yellow_and_white_mug_in_the_microwave_and_close_it,25,39,27,30,21,7
